--
-- PostgreSQL database dump
--

-- Dumped from database version 14.5
-- Dumped by pg_dump version 14.5

-- Started on 2022-12-15 01:29:21

SET statement_timeout = 0;
SET lock_timeout = 0;
SET idle_in_transaction_session_timeout = 0;
SET client_encoding = 'UTF8';
SET standard_conforming_strings = on;
SELECT pg_catalog.set_config('search_path', '', false);
SET check_function_bodies = false;
SET xmloption = content;
SET client_min_messages = warning;
SET row_security = off;

SET default_tablespace = '';

SET default_table_access_method = heap;

--
-- TOC entry 210 (class 1259 OID 24856)
-- Name: category; Type: TABLE; Schema: public; Owner: postgres
--

CREATE TABLE public.category (
    id integer NOT NULL,
    name character varying(255)
);


ALTER TABLE public.category OWNER TO postgres;

--
-- TOC entry 209 (class 1259 OID 24855)
-- Name: category_id_seq; Type: SEQUENCE; Schema: public; Owner: postgres
--

ALTER TABLE public.category ALTER COLUMN id ADD GENERATED BY DEFAULT AS IDENTITY (
    SEQUENCE NAME public.category_id_seq
    START WITH 1
    INCREMENT BY 1
    NO MINVALUE
    NO MAXVALUE
    CACHE 1
);


--
-- TOC entry 212 (class 1259 OID 24862)
-- Name: image; Type: TABLE; Schema: public; Owner: postgres
--

CREATE TABLE public.image (
    id integer NOT NULL,
    file_name character varying(255),
    product_id integer NOT NULL
);


ALTER TABLE public.image OWNER TO postgres;

--
-- TOC entry 211 (class 1259 OID 24861)
-- Name: image_id_seq; Type: SEQUENCE; Schema: public; Owner: postgres
--

ALTER TABLE public.image ALTER COLUMN id ADD GENERATED BY DEFAULT AS IDENTITY (
    SEQUENCE NAME public.image_id_seq
    START WITH 1
    INCREMENT BY 1
    NO MINVALUE
    NO MAXVALUE
    CACHE 1
);


--
-- TOC entry 214 (class 1259 OID 24868)
-- Name: orders; Type: TABLE; Schema: public; Owner: postgres
--

CREATE TABLE public.orders (
    id integer NOT NULL,
    count integer NOT NULL,
    date_time timestamp without time zone,
    number character varying(255),
    price real NOT NULL,
    status integer,
    person_id integer NOT NULL,
    product_id integer NOT NULL
);


ALTER TABLE public.orders OWNER TO postgres;

--
-- TOC entry 213 (class 1259 OID 24867)
-- Name: orders_id_seq; Type: SEQUENCE; Schema: public; Owner: postgres
--

ALTER TABLE public.orders ALTER COLUMN id ADD GENERATED BY DEFAULT AS IDENTITY (
    SEQUENCE NAME public.orders_id_seq
    START WITH 1
    INCREMENT BY 1
    NO MINVALUE
    NO MAXVALUE
    CACHE 1
);


--
-- TOC entry 216 (class 1259 OID 24874)
-- Name: person; Type: TABLE; Schema: public; Owner: postgres
--

CREATE TABLE public.person (
    id integer NOT NULL,
    login character varying(50),
    password character varying(255),
    role character varying(255)
);


ALTER TABLE public.person OWNER TO postgres;

--
-- TOC entry 215 (class 1259 OID 24873)
-- Name: person_id_seq; Type: SEQUENCE; Schema: public; Owner: postgres
--

ALTER TABLE public.person ALTER COLUMN id ADD GENERATED BY DEFAULT AS IDENTITY (
    SEQUENCE NAME public.person_id_seq
    START WITH 1
    INCREMENT BY 1
    NO MINVALUE
    NO MAXVALUE
    CACHE 1
);


--
-- TOC entry 218 (class 1259 OID 24882)
-- Name: product; Type: TABLE; Schema: public; Owner: postgres
--

CREATE TABLE public.product (
    id integer NOT NULL,
    date_time_of_created timestamp without time zone,
    description text NOT NULL,
    price real NOT NULL,
    seller character varying(255) NOT NULL,
    title text NOT NULL,
    warehouse character varying(255) NOT NULL,
    category_id integer NOT NULL,
    CONSTRAINT product_price_check CHECK ((price >= (1)::double precision))
);


ALTER TABLE public.product OWNER TO postgres;

--
-- TOC entry 220 (class 1259 OID 24891)
-- Name: product_cart; Type: TABLE; Schema: public; Owner: postgres
--

CREATE TABLE public.product_cart (
    id integer NOT NULL,
    person_id integer,
    product_id integer
);


ALTER TABLE public.product_cart OWNER TO postgres;

--
-- TOC entry 219 (class 1259 OID 24890)
-- Name: product_cart_id_seq; Type: SEQUENCE; Schema: public; Owner: postgres
--

ALTER TABLE public.product_cart ALTER COLUMN id ADD GENERATED BY DEFAULT AS IDENTITY (
    SEQUENCE NAME public.product_cart_id_seq
    START WITH 1
    INCREMENT BY 1
    NO MINVALUE
    NO MAXVALUE
    CACHE 1
);


--
-- TOC entry 217 (class 1259 OID 24881)
-- Name: product_id_seq; Type: SEQUENCE; Schema: public; Owner: postgres
--

ALTER TABLE public.product ALTER COLUMN id ADD GENERATED BY DEFAULT AS IDENTITY (
    SEQUENCE NAME public.product_id_seq
    START WITH 1
    INCREMENT BY 1
    NO MINVALUE
    NO MAXVALUE
    CACHE 1
);


--
-- TOC entry 3350 (class 0 OID 24856)
-- Dependencies: 210
-- Data for Name: category; Type: TABLE DATA; Schema: public; Owner: postgres
--

INSERT INTO public.category (id, name) VALUES (1, 'Мечи');
INSERT INTO public.category (id, name) VALUES (2, 'Топоры');
INSERT INTO public.category (id, name) VALUES (3, 'Ножи');


--
-- TOC entry 3352 (class 0 OID 24862)
-- Dependencies: 212
-- Data for Name: image; Type: TABLE DATA; Schema: public; Owner: postgres
--

INSERT INTO public.image (id, file_name, product_id) VALUES (1, '20feffa3-4263-492f-94e1-2ced598c1d52.gladius-tip-majns-s-nozhnami.jpg', 1);
INSERT INTO public.image (id, file_name, product_id) VALUES (2, '1703a770-651a-4e8c-85e6-3e4e05806ace.gladius-tip-majns-s-nozhnami (2).jpg', 1);
INSERT INTO public.image (id, file_name, product_id) VALUES (3, '59ece786-d1e1-41e6-a590-51cd51cad5b4.gladius-tip-majns-s-nozhnami (1).jpg', 1);
INSERT INTO public.image (id, file_name, product_id) VALUES (4, 'c69867a3-2e56-43d9-9935-b664193428bc.gladius-majnc-tip-1.jpg', 1);
INSERT INTO public.image (id, file_name, product_id) VALUES (5, '83cea965-d35b-4136-9557-57d0ef9953c8.gladius-majnc-tip-1 (1).jpg', 1);
INSERT INTO public.image (id, file_name, product_id) VALUES (6, '843f6010-b145-4f4c-927a-a74535a4bc26.karoling-tip-y (1).jpg', 2);
INSERT INTO public.image (id, file_name, product_id) VALUES (7, '09c49ad2-dad6-4b13-9e0b-8032ca66b3c2.karoling-tip-y.jpg', 2);
INSERT INTO public.image (id, file_name, product_id) VALUES (8, '60c8c259-a6eb-4a88-8208-c22a1b882d1a.karoling-tip-y (3).jpg', 2);
INSERT INTO public.image (id, file_name, product_id) VALUES (9, 'c402dce4-218c-4bc8-ac2e-51c853da76a2.karoling-tip-y (2).jpg', 2);
INSERT INTO public.image (id, file_name, product_id) VALUES (10, '5584ab62-2b0a-45be-bcdc-e4207ba9624a.', 2);
INSERT INTO public.image (id, file_name, product_id) VALUES (11, 'c70fa9c4-13fa-41a7-9e1b-2974f6c18502.dvuruchnyj-mech-cvajhander-tip-2.jpg', 3);
INSERT INTO public.image (id, file_name, product_id) VALUES (12, '1666688b-9ec8-4449-baa8-4d03cc4b2d99.dvuruchnyj-mech-cvajhander-tip-1.jpg', 3);
INSERT INTO public.image (id, file_name, product_id) VALUES (13, '6ba03fa9-3c5c-4010-84e4-fb31f24e6802.dvuruchnyj-mech-cvajhander-tip-1 (1).jpg', 3);
INSERT INTO public.image (id, file_name, product_id) VALUES (14, '374c7ce6-7e5f-462b-a795-dda36857c4b0.', 3);
INSERT INTO public.image (id, file_name, product_id) VALUES (15, 'd7ea61a6-1f4c-405b-a9a3-5bf9c14acad0.', 3);
INSERT INTO public.image (id, file_name, product_id) VALUES (16, '04aa4bf1-7f54-4dc4-aea1-2e87e115e9f0.62d7fd5681636.jpg', 4);
INSERT INTO public.image (id, file_name, product_id) VALUES (17, '0ec64133-cb78-4832-8cb4-6df547d65349.62d7fd5d508e2.jpg', 4);
INSERT INTO public.image (id, file_name, product_id) VALUES (18, '657b6d8f-cca5-4c32-a660-7d8a3aa95ba2.62d7fd642de80.jpg', 4);
INSERT INTO public.image (id, file_name, product_id) VALUES (19, 'e6ba62d7-58c9-4a21-abc5-dffae75b74a9.62d7fd60bccab.jpg', 4);
INSERT INTO public.image (id, file_name, product_id) VALUES (20, 'd77fc481-98ed-48da-ba5a-675bedbd43fe.62d7fd2fbdf22.jpg', 4);
INSERT INTO public.image (id, file_name, product_id) VALUES (21, '076fb682-5632-4893-81c4-69294f861801.topor-tip-ii-variant-1.jpg', 5);
INSERT INTO public.image (id, file_name, product_id) VALUES (22, '97c6c8cd-a18c-4900-b2d5-5cd0929c5f81.topor-tip-ii-variant-1 (1).jpg', 5);
INSERT INTO public.image (id, file_name, product_id) VALUES (23, '1e9e53cc-c369-4218-83da-16cd612f47dc.topor-tip-ii-rus-step.jpg', 5);
INSERT INTO public.image (id, file_name, product_id) VALUES (24, '1168073b-af26-49ca-96c1-e8cf79a1997f.topor-tip-ii-rus-step (2).jpg', 5);
INSERT INTO public.image (id, file_name, product_id) VALUES (25, '14e4bbb0-ef27-4d6e-8f6d-d15070eb1689.topor-tip-ii-rus-step (1).jpg', 5);
INSERT INTO public.image (id, file_name, product_id) VALUES (26, '929108fd-4526-47a0-9983-87a291087593.20211114135125-jpg.jpg', 6);
INSERT INTO public.image (id, file_name, product_id) VALUES (27, '6915dc50-0b3c-4669-9736-8e0101c5fa65.20211114135132-jpg.jpg', 6);
INSERT INTO public.image (id, file_name, product_id) VALUES (28, '3a965fd0-f548-4c4d-9f12-6ede1e3ec08b.20211114135140-jpg.jpg', 6);
INSERT INTO public.image (id, file_name, product_id) VALUES (29, '79779c3e-af47-4cdd-94d9-c8de6affd968.20211114135149-jpg.jpg', 6);
INSERT INTO public.image (id, file_name, product_id) VALUES (30, '4cc0b455-097c-4d5c-94f6-ea5a7a8e85c5.', 6);
INSERT INTO public.image (id, file_name, product_id) VALUES (31, '6adb8fb4-0f37-4c51-b065-842f113a3ff4.topor-bugurtnyj-isb (1).jpg', 7);
INSERT INTO public.image (id, file_name, product_id) VALUES (32, '7af49248-4672-4688-9d86-d21303ba8421.topor-bugurtnyj-isb.jpg', 7);
INSERT INTO public.image (id, file_name, product_id) VALUES (33, 'dcf8cba3-723f-4c68-80e3-6c0fd2131224.topor-bugurtnyj-isb-na-drevke.jpg', 7);
INSERT INTO public.image (id, file_name, product_id) VALUES (34, '970091e9-80e8-4dce-a7b4-051f6535aec1.', 7);
INSERT INTO public.image (id, file_name, product_id) VALUES (35, '09d9cbbe-7991-44aa-a35e-e7136d8a6d31.', 7);
INSERT INTO public.image (id, file_name, product_id) VALUES (36, 'b5a2e889-0caa-4ca5-a74b-4d0b1960e50a.6040a47e230e6.jpg', 8);
INSERT INTO public.image (id, file_name, product_id) VALUES (37, 'ee584335-9a27-4408-9449-b9112cea3813.6040a47e508a1.jpg', 8);
INSERT INTO public.image (id, file_name, product_id) VALUES (38, '52ef731e-2abd-4996-bf18-76e953bf8d77.6040a47ea6adc.jpg', 8);
INSERT INTO public.image (id, file_name, product_id) VALUES (39, 'bae83f45-02d9-4eac-bc45-2949828e648a.6040a47e7a042.jpg', 8);
INSERT INTO public.image (id, file_name, product_id) VALUES (40, '23e79ed3-52cf-43ed-9a16-effda800ce5c.', 8);
INSERT INTO public.image (id, file_name, product_id) VALUES (41, '3032be7c-2003-46fe-990d-7fc05293481f.62960340d001e.jpg', 9);
INSERT INTO public.image (id, file_name, product_id) VALUES (42, '5097bf44-6863-4999-99c5-84cf0b2c5189.629603497a096.jpg', 9);
INSERT INTO public.image (id, file_name, product_id) VALUES (43, 'fb785f83-9a70-46bf-81c7-da6bd1cbcf81.6296034607ce3.jpg', 9);
INSERT INTO public.image (id, file_name, product_id) VALUES (44, 'b9fa28c7-0fa5-4b30-8ed5-da209d0464f4.62960344007fe.jpg', 9);
INSERT INTO public.image (id, file_name, product_id) VALUES (45, 'a8d092c9-2158-4045-a790-f96595256d11.62960347ca0f6.jpg', 9);


--
-- TOC entry 3354 (class 0 OID 24868)
-- Dependencies: 214
-- Data for Name: orders; Type: TABLE DATA; Schema: public; Owner: postgres
--

INSERT INTO public.orders (id, count, date_time, number, price, status, person_id, product_id) VALUES (1, 1, '2022-12-14 23:45:47.682328', 'fa2f76b7-ef3f-438f-b385-4a0c1696fa65', 12000, 1, 2, 2);
INSERT INTO public.orders (id, count, date_time, number, price, status, person_id, product_id) VALUES (3, 1, '2022-12-14 23:45:47.705349', 'fa2f76b7-ef3f-438f-b385-4a0c1696fa65', 85000, 1, 2, 4);
INSERT INTO public.orders (id, count, date_time, number, price, status, person_id, product_id) VALUES (2, 1, '2022-12-14 23:45:47.702346', 'fa2f76b7-ef3f-438f-b385-4a0c1696fa65', 17900, 3, 2, 3);
INSERT INTO public.orders (id, count, date_time, number, price, status, person_id, product_id) VALUES (4, 1, '2022-12-15 00:36:48.538873', '64615362-8fee-408e-80ee-7e04af17e2b6', 18000, 1, 5, 1);
INSERT INTO public.orders (id, count, date_time, number, price, status, person_id, product_id) VALUES (6, 1, '2022-12-15 00:37:17.400439', '30964bab-9e36-4660-b060-5728cf92a352', 7300, 1, 5, 8);
INSERT INTO public.orders (id, count, date_time, number, price, status, person_id, product_id) VALUES (7, 1, '2022-12-15 01:00:18.549928', '78338157-a20a-4e6a-9a5a-1eafee2d2833', 6900, 3, 2, 6);
INSERT INTO public.orders (id, count, date_time, number, price, status, person_id, product_id) VALUES (5, 1, '2022-12-15 00:37:07.158249', '847f736f-e93e-4019-9f3b-58c094a60df6', 28000, 3, 5, 9);
INSERT INTO public.orders (id, count, date_time, number, price, status, person_id, product_id) VALUES (8, 1, '2022-12-15 01:10:38.103926', '7958d4e6-31da-49aa-b682-528d86a4ee30', 2400, 2, 10, 5);


--
-- TOC entry 3356 (class 0 OID 24874)
-- Dependencies: 216
-- Data for Name: person; Type: TABLE DATA; Schema: public; Owner: postgres
--

INSERT INTO public.person (id, login, password, role) VALUES (1, 'admin', '$2a$10$5jPTUaK4Sv1Mm2QR8CvZ8eq1quwfKdY/6TjNXrOs1nCIL0/BzR.ly', 'ROLE_ADMIN');
INSERT INTO public.person (id, login, password, role) VALUES (2, 'user_test', '$2a$10$GClQBVl9H/83xvU07jPQTOz7oT0soPy/DVZ2R6fuq2VGBfNQfrT1O', 'ROLE_USER');
INSERT INTO public.person (id, login, password, role) VALUES (3, 'user_test2', '$2a$10$NabNCWHbSNu7KkCykZwpv.aXmf0k91f8N1jAKATKfzy0XBQwV.x2a', 'ROLE_USER');
INSERT INTO public.person (id, login, password, role) VALUES (4, 'user_test3', '$2a$10$lCMuaNdJ3/vmtE1Q7I/d2uYxfw9zLX1tR80EJs7Cr7ZjH3Ws2LXIa', 'ROLE_USER');
INSERT INTO public.person (id, login, password, role) VALUES (5, 'user_test4', '$2a$10$xVe1ZVuKbDXQ1GQ5JH3kDOjLgNLER.xCFVWHjDp3DPpTjfiksvmwu', 'ROLE_USER');
INSERT INTO public.person (id, login, password, role) VALUES (7, 'IvanushkaDurachek', '$2a$10$KNY9K0XiXeMbWC7.xtGe3OLoj2W8yFqUkq8zPs2UCkejwj13c.v9i', 'ROLE_USER');
INSERT INTO public.person (id, login, password, role) VALUES (6, 'user_test5', '$2a$10$9oj/eKyZPrG3MNL7KsFgE.JPNAsJX0MpXpk2nw9SgNWrmxZm.I79.', 'ROLE_USER');
INSERT INTO public.person (id, login, password, role) VALUES (9, 'user_test345', '$2a$10$6hV/r9uB7ZZxiN8Ca.aUVeJ5TYkaRM22WkPxaBQRGHjPQvfpbpji.', 'ROLE_USER');
INSERT INTO public.person (id, login, password, role) VALUES (10, 'user_test007', '$2a$10$joY/JN0AEOk1lWRiId6hnulzW6CnTkCLGZMSvxYddPL6quH7P9ix6', 'ROLE_USER');
INSERT INTO public.person (id, login, password, role) VALUES (8, 'user_test45', '$2a$10$RB8QxWGu3Amfpts9m1OMie2Nitd6LA.73rK1Ogiq5cWgNURfdbE6u', 'ROLE_USER');


--
-- TOC entry 3358 (class 0 OID 24882)
-- Dependencies: 218
-- Data for Name: product; Type: TABLE DATA; Schema: public; Owner: postgres
--

INSERT INTO public.product (id, date_time_of_created, description, price, seller, title, warehouse, category_id) VALUES (2, '2022-12-14 19:59:35.205683', 'Каролинг тип Y из захоронения в Флемме. Норвегия X век 
Меч каролингского типа с рукоятью тип Y по типологии А.Н. Кирпичникова. Вторая половина X - XI вв. 
________________________________________

Клинок выполнен из высокоуглеродистой легированной стали 65Г. 
Клинок закален (твёрдость 50 HRC).
длина клинка 80 см
общая длина меча 94 см
ширина гарды 13 см
ширина клинка у гарды 5 см
толщина клинка у гарды 5 мм
масса меча 1150-1200 гр
Предназначено для контактного фехтования. 
Никаких ослаблений в конструкции нет. 
Отличие от холодного оружия - отсутствие заточки клинка. 
Клинок затуплен (толщина кромки лезвия 2 мм).
', 12000, 'WarGear', 'Каролинг тип Y из Норвегии X век', 'Пушкино', 1);
INSERT INTO public.product (id, date_time_of_created, description, price, seller, title, warehouse, category_id) VALUES (3, '2022-12-14 20:01:50.234917', 'Цвайхандеры появились в Германии в 14 веке, и получили известность в течение 16 века как отличительное оружие немецких ландскнехтов во времена Максимилиана I. Цвайхандеры предположительно использовались в первых линиях фронта, используясь для прорубания рядов противостоящих пикейщиков и копьеносцев.

Параметры цвайхандера:

длина клинка до гарды около 110 см
длина клинка до фальшгарды (клыков) около 90 см
общая длина меча около 150 см
ширина гарды около 27 см
ширина фальшгарды (клыков) около 18 см
ширина клинка у гарды около 5 см
Масса меча 3500-3600 гр.
Сталь 65Г, закалка 50 HRC, полировка. Рукоять меча обмотана кожей.
', 17900, 'WarGear', 'Двуручный Меч Цвайхандер тип 1', 'Пушкино', 1);
INSERT INTO public.product (id, date_time_of_created, description, price, seller, title, warehouse, category_id) VALUES (4, '2022-12-14 20:03:27.663632', '«Серебряный» Меч Ведьмака Геральта из Ривии - уникальная работа нашей кузницы.
Выполненный по книге Анджея Сапковского, в которой упоминаются два меча Геральта «Серебряный» и «Стальной» использовался Геральтом в бою против чудовищ.
Клинок меча выполнен из кованой рессорной стали с твердостью 55 HRC (оптимальная твердость для меча), гарда стальная, рукоять цельнометаллическая на два хвата с плотной обмоткой паракордом, навершие отлита из мельхиора в виде двух грифонов, ножны деревянные обянутые натуральной кожей, устья у ножен - мельхиор.
', 85000, 'Стальная твердь', 'Меч Ведьмака «Серебряный»', 'Пушкино', 1);
INSERT INTO public.product (id, date_time_of_created, description, price, seller, title, warehouse, category_id) VALUES (6, '2022-12-14 20:07:29.627125', '- Лезвие топора - сталь 65Г, обух - сталь СТ3
- Закалка 48-50 HRC. Шлифовка.
- Масса около 1500 гр. вместе с древком.
- Длина лезвий 19 см, ширина лабриса 38 см
- Древко береза, длина древка около 100 см, кожаная обмотка
________________________________________

  - Ла́брис (др.-греч. λάβρυς), иногда пелек (др.-греч. πέλεκυς) — древнегреческий двусторонний боевой или церемониальный топор.
  - Топоры с 2-мя лезвиями были известны во многих культурах.
  - Лабрис был широко распространён в культуре догреческой минойской цивилизации. При раскопках критских дворцов были обнаружены гигантские лабрисы, выше человеческого роста. В отличие от Ближнего Востока, носительницами минойских лабрисов были не боги и жрецы, а исключительно богини и их жрицы. Распространено воззрение, что этот самый священный из религиозных символов критской цивилизации использовался жрицами при жертвоприношениях быков. Кроме того, поверхностное сходство слов «лабрис» и «лабиринт» породило устойчивую ассоциацию двухстороннего топора с Кносским лабиринтом и с Минотавром.
  - На древнегреческих вазах обоюдоострый топор — именуемый «пелек» (πέλεκυς) — изображался как принадлежность Зевса-громовержца. В некоторых случаях изображения Зевсова топора сопровождаются зигзагообразными линиями, которые интерпретируются как схематичные изображения молний. На этом основании весьма вероятно, что для греков классического периода этот предмет символизировал молнию, повелителем которой и являлся Зевс.
  - Если греческие и критские топоры имели преимущественно сакральное значение, обоюдоострый топорик скифов (сагарис) был по-настоящему грозным боевым оружием. О его использовании скифами пишет ещё Геродот, а Аристарх Самофракийский два века спустя приписывает его использование и амазонкам.
', 6900, 'WarGear', 'Лабрис двуручный на древке', 'Пушкино', 2);
INSERT INTO public.product (id, date_time_of_created, description, price, seller, title, warehouse, category_id) VALUES (7, '2022-12-14 20:08:33.336635', 'Западная Европа XIV-XV вв
Все острые углы изделия скруглены в соответствии с правилами большинства мероприятий

Параметры: 
общая длина около 25 см
ширина около 20 см
длина лезвия около 17 см
Сходящая толщина лезвия от 4 до 2 мм
диаметр проушин 30 х 40 мм
масса 800 гр.

Рессорная сталь 65г, закалка 50 HRC
Матовая шлифовк
', 5500, 'WarGear', 'Топор для ИСБ модель "Каратель" с лангетами на древке', 'Пушкино', 2);
INSERT INTO public.product (id, date_time_of_created, description, price, seller, title, warehouse, category_id) VALUES (8, '2022-12-14 20:09:54.613201', '
Легендарный нож финка НКВД, известный также как финский нож Пуукко изначально использовался сугубо в хозяйственно-бытовых целях. В 1935 году была разработана боевая версия данного ножа, которая стала элементом экипировки сотрудников НКВД. Современные модели финки НКВД не относятся к холодному оружию. В отличии от своего "прародителя" они могут иметь рукоять из различных материалов - не только из рога или дерева, но и из высокопрочного пластика. Гарда стала более прямой, а навершие рукояти - более округленным.', 7300, 'Стальная твердь', 'финка "НКВД"', 'Пушкино', 3);
INSERT INTO public.product (id, date_time_of_created, description, price, seller, title, warehouse, category_id) VALUES (9, '2022-12-14 20:13:43.402368', 'Походная Спарка из двух ножей в составе известного ножа Трекер из фильма "Загнанный" и небольшого рабочего ножа выполненный по прототипу ножа Bark River Bravo 1.
Ножи выполнены из стали D2, цельнометаллические, рукоять из прочного материала - микарта (красная). Ножны из натуральной кожи для горизонтального и вертикального ношения.
', 28000, 'Стальная твердь', 'Спарка из двух ножей «Трекер» и «Барк Ривер», сталь кованая D2', 'Пушкино', 3);
INSERT INTO public.product (id, date_time_of_created, description, price, seller, title, warehouse, category_id) VALUES (5, NULL, 'Чекан. X-XI веков. 
Тип II по типологии А.Н.Кирпичникова.
Регион распространения: Степь, Древняя Русь, Волжская Булгария, финно-угры.
Длина 17,5 см. Вес 0,37 кг.
Сталь 65Г. Закалка.
________________________________________

Также относятся к группе топоров-чеканов, но в данном случае обух оформлен в виде узкой подтреугольной пластины. Лезвие топоров имело подтрапецивидную форму (Кирпичников А.Н. 1966 стр.35).

На древнерусской территории найдено около 30 топоров этого типа, датирующихся X-XI веками (Кирпичников А.Н. 1966 б стр.35). Подавляющее их большинство концентрируются на памятниках так называемого "дружинного круга". Аналогии данному типу топоров можно найти в аланских памятниках Кавказа, датирующихся VIII-IX веками (Кирпичников А.Н. 1966 стр.35). В степном варианте салтово-маяцкой культуры топоры данного типа автору неизвестны. С территории Древней Руси топоры типа II распространились в Северную и Западную Европу (Польша, Латвия, Швеция) (Кирпичников А.Н. 1966 бстр.35).
', 2400, 'WarGear', 'Топор тип II. Вариант 1', 'Коледино', 2);
INSERT INTO public.product (id, date_time_of_created, description, price, seller, title, warehouse, category_id) VALUES (1, NULL, 'Древнеримский короткий меч гладиус с клинком испанского типа. Использовался с 200 г. до н.э. до 20 до н.э. Испанский гладиус был наибольшим и самым тяжелым из гладиусов. Самый ранний и самый длинный из гладиусов, он имел выраженную листообразную форму.
 
________________________________________
Тип " Майнц". Конец I века до н. э. - I века н. э. 
Наиболее яркими представителями данного типа являются находки из Майнца (Германия) и Фулхейма (Англия).
________________________________________

Клинок выполнен из высокоуглеродистой легированной стали 65Г.
Клинок закален (твёрдость 50 HRC).
Рукоять: бук и берёза.
Длина клинка 46 см. Общая длина 64 см.
Наибольшая толщина клинка у рукояти около 6 мм. 
Предназначено для контактного фехтования. 
Никаких ослаблений в конструкции нет. 
Отличие от холодного оружия - отсутствие заточки клинка. 
Клинок затуплен (толщина кромки лезвия 2 мм).
', 18000, 'WarGear', 'Гладиус Майнц с латунным набором', 'Коледино', 1);


--
-- TOC entry 3360 (class 0 OID 24891)
-- Dependencies: 220
-- Data for Name: product_cart; Type: TABLE DATA; Schema: public; Owner: postgres
--



--
-- TOC entry 3366 (class 0 OID 0)
-- Dependencies: 209
-- Name: category_id_seq; Type: SEQUENCE SET; Schema: public; Owner: postgres
--

SELECT pg_catalog.setval('public.category_id_seq', 3, true);


--
-- TOC entry 3367 (class 0 OID 0)
-- Dependencies: 211
-- Name: image_id_seq; Type: SEQUENCE SET; Schema: public; Owner: postgres
--

SELECT pg_catalog.setval('public.image_id_seq', 50, true);


--
-- TOC entry 3368 (class 0 OID 0)
-- Dependencies: 213
-- Name: orders_id_seq; Type: SEQUENCE SET; Schema: public; Owner: postgres
--

SELECT pg_catalog.setval('public.orders_id_seq', 8, true);


--
-- TOC entry 3369 (class 0 OID 0)
-- Dependencies: 215
-- Name: person_id_seq; Type: SEQUENCE SET; Schema: public; Owner: postgres
--

SELECT pg_catalog.setval('public.person_id_seq', 10, true);


--
-- TOC entry 3370 (class 0 OID 0)
-- Dependencies: 219
-- Name: product_cart_id_seq; Type: SEQUENCE SET; Schema: public; Owner: postgres
--

SELECT pg_catalog.setval('public.product_cart_id_seq', 9, true);


--
-- TOC entry 3371 (class 0 OID 0)
-- Dependencies: 217
-- Name: product_id_seq; Type: SEQUENCE SET; Schema: public; Owner: postgres
--

SELECT pg_catalog.setval('public.product_id_seq', 10, true);


--
-- TOC entry 3191 (class 2606 OID 24860)
-- Name: category category_pkey; Type: CONSTRAINT; Schema: public; Owner: postgres
--

ALTER TABLE ONLY public.category
    ADD CONSTRAINT category_pkey PRIMARY KEY (id);


--
-- TOC entry 3193 (class 2606 OID 24866)
-- Name: image image_pkey; Type: CONSTRAINT; Schema: public; Owner: postgres
--

ALTER TABLE ONLY public.image
    ADD CONSTRAINT image_pkey PRIMARY KEY (id);


--
-- TOC entry 3195 (class 2606 OID 24872)
-- Name: orders orders_pkey; Type: CONSTRAINT; Schema: public; Owner: postgres
--

ALTER TABLE ONLY public.orders
    ADD CONSTRAINT orders_pkey PRIMARY KEY (id);


--
-- TOC entry 3197 (class 2606 OID 24880)
-- Name: person person_pkey; Type: CONSTRAINT; Schema: public; Owner: postgres
--

ALTER TABLE ONLY public.person
    ADD CONSTRAINT person_pkey PRIMARY KEY (id);


--
-- TOC entry 3203 (class 2606 OID 24895)
-- Name: product_cart product_cart_pkey; Type: CONSTRAINT; Schema: public; Owner: postgres
--

ALTER TABLE ONLY public.product_cart
    ADD CONSTRAINT product_cart_pkey PRIMARY KEY (id);


--
-- TOC entry 3199 (class 2606 OID 24889)
-- Name: product product_pkey; Type: CONSTRAINT; Schema: public; Owner: postgres
--

ALTER TABLE ONLY public.product
    ADD CONSTRAINT product_pkey PRIMARY KEY (id);


--
-- TOC entry 3201 (class 2606 OID 24897)
-- Name: product uk_qka6vxqdy1dprtqnx9trdd47c; Type: CONSTRAINT; Schema: public; Owner: postgres
--

ALTER TABLE ONLY public.product
    ADD CONSTRAINT uk_qka6vxqdy1dprtqnx9trdd47c UNIQUE (title);


--
-- TOC entry 3205 (class 2606 OID 24903)
-- Name: orders fk1b0m4muwx1t377w9if3w6wwqn; Type: FK CONSTRAINT; Schema: public; Owner: postgres
--

ALTER TABLE ONLY public.orders
    ADD CONSTRAINT fk1b0m4muwx1t377w9if3w6wwqn FOREIGN KEY (person_id) REFERENCES public.person(id);


--
-- TOC entry 3207 (class 2606 OID 24913)
-- Name: product fk1mtsbur82frn64de7balymq9s; Type: FK CONSTRAINT; Schema: public; Owner: postgres
--

ALTER TABLE ONLY public.product
    ADD CONSTRAINT fk1mtsbur82frn64de7balymq9s FOREIGN KEY (category_id) REFERENCES public.category(id);


--
-- TOC entry 3206 (class 2606 OID 24908)
-- Name: orders fk787ibr3guwp6xobrpbofnv7le; Type: FK CONSTRAINT; Schema: public; Owner: postgres
--

ALTER TABLE ONLY public.orders
    ADD CONSTRAINT fk787ibr3guwp6xobrpbofnv7le FOREIGN KEY (product_id) REFERENCES public.product(id);


--
-- TOC entry 3204 (class 2606 OID 24898)
-- Name: image fkgpextbyee3uk9u6o2381m7ft1; Type: FK CONSTRAINT; Schema: public; Owner: postgres
--

ALTER TABLE ONLY public.image
    ADD CONSTRAINT fkgpextbyee3uk9u6o2381m7ft1 FOREIGN KEY (product_id) REFERENCES public.product(id);


--
-- TOC entry 3209 (class 2606 OID 24923)
-- Name: product_cart fkhpnrxdy3jhujameyod08ilvvw; Type: FK CONSTRAINT; Schema: public; Owner: postgres
--

ALTER TABLE ONLY public.product_cart
    ADD CONSTRAINT fkhpnrxdy3jhujameyod08ilvvw FOREIGN KEY (product_id) REFERENCES public.product(id);


--
-- TOC entry 3208 (class 2606 OID 24918)
-- Name: product_cart fksgnkc1ko2i1o9yr2p63ysq3rn; Type: FK CONSTRAINT; Schema: public; Owner: postgres
--

ALTER TABLE ONLY public.product_cart
    ADD CONSTRAINT fksgnkc1ko2i1o9yr2p63ysq3rn FOREIGN KEY (person_id) REFERENCES public.person(id);


-- Completed on 2022-12-15 01:29:22

--
-- PostgreSQL database dump complete
--

