--
-- PostgreSQL database dump
--

-- Dumped from database version 14.5
-- Dumped by pg_dump version 14.5

-- Started on 2022-12-12 00:27:58

SET statement_timeout = 0;
SET lock_timeout = 0;
SET idle_in_transaction_session_timeout = 0;
SET client_encoding = 'UTF8';
SET standard_conforming_strings = on;
SELECT pg_catalog.set_config('search_path', '', false);
SET check_function_bodies = false;
SET xmloption = content;
SET client_min_messages = warning;
SET row_security = off;

SET default_tablespace = '';

SET default_table_access_method = heap;

--
-- TOC entry 210 (class 1259 OID 24782)
-- Name: category; Type: TABLE; Schema: public; Owner: postgres
--

CREATE TABLE public.category (
    id integer NOT NULL,
    name character varying(255)
);


ALTER TABLE public.category OWNER TO postgres;

--
-- TOC entry 209 (class 1259 OID 24781)
-- Name: category_id_seq; Type: SEQUENCE; Schema: public; Owner: postgres
--

ALTER TABLE public.category ALTER COLUMN id ADD GENERATED BY DEFAULT AS IDENTITY (
    SEQUENCE NAME public.category_id_seq
    START WITH 1
    INCREMENT BY 1
    NO MINVALUE
    NO MAXVALUE
    CACHE 1
);


--
-- TOC entry 212 (class 1259 OID 24788)
-- Name: image; Type: TABLE; Schema: public; Owner: postgres
--

CREATE TABLE public.image (
    id integer NOT NULL,
    file_name character varying(255),
    product_id integer NOT NULL
);


ALTER TABLE public.image OWNER TO postgres;

--
-- TOC entry 211 (class 1259 OID 24787)
-- Name: image_id_seq; Type: SEQUENCE; Schema: public; Owner: postgres
--

ALTER TABLE public.image ALTER COLUMN id ADD GENERATED BY DEFAULT AS IDENTITY (
    SEQUENCE NAME public.image_id_seq
    START WITH 1
    INCREMENT BY 1
    NO MINVALUE
    NO MAXVALUE
    CACHE 1
);


--
-- TOC entry 214 (class 1259 OID 24794)
-- Name: orders; Type: TABLE; Schema: public; Owner: postgres
--

CREATE TABLE public.orders (
    id integer NOT NULL,
    count integer NOT NULL,
    date_time timestamp without time zone,
    number character varying(255),
    price real NOT NULL,
    status integer,
    person_id integer NOT NULL,
    product_id integer NOT NULL
);


ALTER TABLE public.orders OWNER TO postgres;

--
-- TOC entry 213 (class 1259 OID 24793)
-- Name: orders_id_seq; Type: SEQUENCE; Schema: public; Owner: postgres
--

ALTER TABLE public.orders ALTER COLUMN id ADD GENERATED BY DEFAULT AS IDENTITY (
    SEQUENCE NAME public.orders_id_seq
    START WITH 1
    INCREMENT BY 1
    NO MINVALUE
    NO MAXVALUE
    CACHE 1
);


--
-- TOC entry 216 (class 1259 OID 24800)
-- Name: person; Type: TABLE; Schema: public; Owner: postgres
--

CREATE TABLE public.person (
    id integer NOT NULL,
    login character varying(50),
    password character varying(255),
    role character varying(255)
);


ALTER TABLE public.person OWNER TO postgres;

--
-- TOC entry 215 (class 1259 OID 24799)
-- Name: person_id_seq; Type: SEQUENCE; Schema: public; Owner: postgres
--

ALTER TABLE public.person ALTER COLUMN id ADD GENERATED BY DEFAULT AS IDENTITY (
    SEQUENCE NAME public.person_id_seq
    START WITH 1
    INCREMENT BY 1
    NO MINVALUE
    NO MAXVALUE
    CACHE 1
);


--
-- TOC entry 218 (class 1259 OID 24808)
-- Name: product; Type: TABLE; Schema: public; Owner: postgres
--

CREATE TABLE public.product (
    id integer NOT NULL,
    date_time_of_created timestamp without time zone,
    description text NOT NULL,
    price real NOT NULL,
    seller character varying(255) NOT NULL,
    title text NOT NULL,
    warehouse character varying(255) NOT NULL,
    category_id integer NOT NULL,
    CONSTRAINT product_price_check CHECK ((price >= (1)::double precision))
);


ALTER TABLE public.product OWNER TO postgres;

--
-- TOC entry 220 (class 1259 OID 24817)
-- Name: product_cart; Type: TABLE; Schema: public; Owner: postgres
--

CREATE TABLE public.product_cart (
    id integer NOT NULL,
    person_id integer,
    product_id integer
);


ALTER TABLE public.product_cart OWNER TO postgres;

--
-- TOC entry 219 (class 1259 OID 24816)
-- Name: product_cart_id_seq; Type: SEQUENCE; Schema: public; Owner: postgres
--

ALTER TABLE public.product_cart ALTER COLUMN id ADD GENERATED BY DEFAULT AS IDENTITY (
    SEQUENCE NAME public.product_cart_id_seq
    START WITH 1
    INCREMENT BY 1
    NO MINVALUE
    NO MAXVALUE
    CACHE 1
);


--
-- TOC entry 217 (class 1259 OID 24807)
-- Name: product_id_seq; Type: SEQUENCE; Schema: public; Owner: postgres
--

ALTER TABLE public.product ALTER COLUMN id ADD GENERATED BY DEFAULT AS IDENTITY (
    SEQUENCE NAME public.product_id_seq
    START WITH 1
    INCREMENT BY 1
    NO MINVALUE
    NO MAXVALUE
    CACHE 1
);


--
-- TOC entry 3350 (class 0 OID 24782)
-- Dependencies: 210
-- Data for Name: category; Type: TABLE DATA; Schema: public; Owner: postgres
--

INSERT INTO public.category (id, name) VALUES (1, 'Мебель');
INSERT INTO public.category (id, name) VALUES (2, 'Бытовая техника');
INSERT INTO public.category (id, name) VALUES (3, 'Одежда');


--
-- TOC entry 3352 (class 0 OID 24788)
-- Dependencies: 212
-- Data for Name: image; Type: TABLE DATA; Schema: public; Owner: postgres
--

INSERT INTO public.image (id, file_name, product_id) VALUES (1, '17ded3b5-917c-41fa-bf78-7a6aeaba33c9.1.jpg', 1);
INSERT INTO public.image (id, file_name, product_id) VALUES (2, '87bcf1df-2525-452c-83e6-2791fc3873b8.2.jpg', 1);
INSERT INTO public.image (id, file_name, product_id) VALUES (3, '0fee3fa0-e37c-418b-87b2-3b5b4a861dc0.3.jpg', 1);
INSERT INTO public.image (id, file_name, product_id) VALUES (4, 'c9a53eae-c3dc-4221-b8d8-9f0ced082257.4.jpg', 1);
INSERT INTO public.image (id, file_name, product_id) VALUES (5, 'a3f26379-c94c-4c32-9b50-0beb8746de86.5.jpg', 1);
INSERT INTO public.image (id, file_name, product_id) VALUES (6, '9821469b-87b9-4a2a-b1b5-edb0c81504ad.1.jpg', 2);
INSERT INTO public.image (id, file_name, product_id) VALUES (7, 'bbf37727-083e-41c1-93a5-8e01b984f662.2.jpg', 2);
INSERT INTO public.image (id, file_name, product_id) VALUES (8, 'e76a0d5a-4d27-4052-b22b-7d73c133f924.3.jpg', 2);
INSERT INTO public.image (id, file_name, product_id) VALUES (9, '1df27435-bb3c-441d-bad6-350afefd0146.4.jpg', 2);
INSERT INTO public.image (id, file_name, product_id) VALUES (10, 'f7c9cca8-d47c-4187-a5e6-ea4bf29adede.5.jpg', 2);
INSERT INTO public.image (id, file_name, product_id) VALUES (11, 'cb4073f8-dbb7-4aa6-9864-a99ba059c33d.1.jpeg', 3);
INSERT INTO public.image (id, file_name, product_id) VALUES (12, 'b2136493-34db-498f-a674-a283ee579b9d.2.jpg', 3);
INSERT INTO public.image (id, file_name, product_id) VALUES (13, 'd814d353-7382-4d0f-8a4d-7671ed82613a.3.jpg', 3);
INSERT INTO public.image (id, file_name, product_id) VALUES (14, '822b4b57-4a4b-4180-8160-f6783bf6987b.4.jpg', 3);
INSERT INTO public.image (id, file_name, product_id) VALUES (15, 'd871a397-f26e-40d7-82e9-9259814c8820.5.jpg', 3);
INSERT INTO public.image (id, file_name, product_id) VALUES (16, 'c0649dbf-196d-42f2-9745-527f73349075.1.jpg', 4);
INSERT INTO public.image (id, file_name, product_id) VALUES (17, '2a3cd607-0ee3-4657-b3ea-0f745bcfef02.1.webp', 4);
INSERT INTO public.image (id, file_name, product_id) VALUES (18, 'ddd9e304-720c-4018-8c73-1f42f66ab803.2.jpg', 4);
INSERT INTO public.image (id, file_name, product_id) VALUES (19, '6d3db554-329b-48cf-8ec7-ac2a8b0da9e6.3.jpg', 4);
INSERT INTO public.image (id, file_name, product_id) VALUES (20, 'ab2acbd6-6aeb-4b00-b60c-d62e31907e7d.4.jpg', 4);
INSERT INTO public.image (id, file_name, product_id) VALUES (21, 'dcbe3817-2750-41fb-9e4a-57b1de8011ba.1 .webp', 5);
INSERT INTO public.image (id, file_name, product_id) VALUES (22, 'f2ca6fc6-35ba-4c0c-af5d-d4a006b32aa6.1.jpg', 5);
INSERT INTO public.image (id, file_name, product_id) VALUES (23, '76d1959b-b421-49b0-a5df-6f7a7f50b2b6.1.webp', 5);
INSERT INTO public.image (id, file_name, product_id) VALUES (24, '2887540c-620e-43e4-a629-02654c622f8c.2.jpg', 5);
INSERT INTO public.image (id, file_name, product_id) VALUES (25, '8f0b4e2a-531a-4a64-bf43-9ca9ecf64a53.3.jpg', 5);
INSERT INTO public.image (id, file_name, product_id) VALUES (26, 'aa428d9f-e398-4e82-91ca-3d37ae6d93b0.1 (1).jpg', 6);
INSERT INTO public.image (id, file_name, product_id) VALUES (27, '0df06261-3d6a-45bb-917d-2b8dee838442.2.jpg', 6);
INSERT INTO public.image (id, file_name, product_id) VALUES (28, '21bb6c18-1c96-424b-b0e5-4e0bcd305052.3.jpg', 6);
INSERT INTO public.image (id, file_name, product_id) VALUES (29, 'ddcad2ff-a204-460d-a287-fc37321a1463.4.jpg', 6);
INSERT INTO public.image (id, file_name, product_id) VALUES (30, '1c641606-b88e-4c51-ae2b-0b7fc3b80b2f.5.jpg', 6);
INSERT INTO public.image (id, file_name, product_id) VALUES (31, '061673b4-6fb1-4e28-9218-2c9f25c0c9ec.1 .jpeg', 7);
INSERT INTO public.image (id, file_name, product_id) VALUES (32, '49063fd3-f0fe-42fb-8cb2-0369b9a39dea.2.jpg', 7);
INSERT INTO public.image (id, file_name, product_id) VALUES (33, 'bf24f0dc-411d-44c2-8a9e-3221e4364193.3.jpg', 7);
INSERT INTO public.image (id, file_name, product_id) VALUES (34, '8b7afee6-d994-4135-a468-acbe3fb93d46.4.jpg', 7);
INSERT INTO public.image (id, file_name, product_id) VALUES (35, 'dfb42ae8-93aa-4271-9ed7-42f2b9f0c697.5.jpg', 7);
INSERT INTO public.image (id, file_name, product_id) VALUES (36, '6c0ec7ae-fba6-4215-92c4-32c1a188b62b.1.jpg', 8);
INSERT INTO public.image (id, file_name, product_id) VALUES (37, '9739b69b-74b4-4e0f-9c99-8ca9a125ad49.2.jpeg', 8);
INSERT INTO public.image (id, file_name, product_id) VALUES (38, 'd501ce78-8cac-44a3-8be9-d74d8b10f43d.3.jpg', 8);
INSERT INTO public.image (id, file_name, product_id) VALUES (39, '2add7486-1661-4244-8fd2-bbc414abd442.4.jpeg', 8);
INSERT INTO public.image (id, file_name, product_id) VALUES (40, 'cce7c5f5-e003-40e1-9ff2-45d8c24bb7fe.5.jpg', 8);
INSERT INTO public.image (id, file_name, product_id) VALUES (41, 'a6b8bf31-585c-44a3-a258-e690a9e557e9.1 .webp', 9);
INSERT INTO public.image (id, file_name, product_id) VALUES (42, 'f7c81597-6730-427f-8add-b731bfe24c16.1.jpg', 9);
INSERT INTO public.image (id, file_name, product_id) VALUES (43, '44137188-5fcc-4fdc-a811-b9cef3aa30e4.1.webp', 9);
INSERT INTO public.image (id, file_name, product_id) VALUES (44, '8934891e-e49f-4dde-8e83-01375bb531bb.2.jpg', 9);
INSERT INTO public.image (id, file_name, product_id) VALUES (45, 'a852e882-f1a6-4824-87a7-9272a813e328.2.webp', 9);


--
-- TOC entry 3354 (class 0 OID 24794)
-- Dependencies: 214
-- Data for Name: orders; Type: TABLE DATA; Schema: public; Owner: postgres
--

INSERT INTO public.orders (id, count, date_time, number, price, status, person_id, product_id) VALUES (3, 1, '2022-12-11 09:37:15.574213', '40e89d78-8369-444a-a4f5-b05d9d1b1e33', 3000, 1, 2, 3);
INSERT INTO public.orders (id, count, date_time, number, price, status, person_id, product_id) VALUES (4, 1, '2022-12-11 09:37:15.578217', '40e89d78-8369-444a-a4f5-b05d9d1b1e33', 17995, 1, 2, 8);
INSERT INTO public.orders (id, count, date_time, number, price, status, person_id, product_id) VALUES (1, 1, '2022-12-11 03:15:14.578688', 'e348d42f-ecc3-4e4d-85dc-4d5d6410a01b', 10999, 3, 2, 7);
INSERT INTO public.orders (id, count, date_time, number, price, status, person_id, product_id) VALUES (2, 1, '2022-12-11 09:37:15.568209', '40e89d78-8369-444a-a4f5-b05d9d1b1e33', 3960, 2, 2, 1);
INSERT INTO public.orders (id, count, date_time, number, price, status, person_id, product_id) VALUES (5, 1, '2022-12-12 00:13:21.290553', 'ee2c2a34-c171-4bb1-832a-476905d56db5', 2520, 4, 5, 2);


--
-- TOC entry 3356 (class 0 OID 24800)
-- Dependencies: 216
-- Data for Name: person; Type: TABLE DATA; Schema: public; Owner: postgres
--

INSERT INTO public.person (id, login, password, role) VALUES (1, 'admin', '$2a$10$C9GiqNV84x46PNj6vKEZtOXMPUcv9zidPp8lLfWnVbIKUP2y2PT7W', 'ROLE_ADMIN');
INSERT INTO public.person (id, login, password, role) VALUES (3, 'user_test2', '$2a$10$slXrjKJpu6CCX8R5TO6st.cfU.R5nswEAJRV14/NGOsLXBmDFT632', 'ROLE_USER');
INSERT INTO public.person (id, login, password, role) VALUES (4, 'user_test3', '$2a$10$N8wJAzR.wst2s07VSPQBhO3m12VYKCc5OfKdNHBviz3aewOWOU2N2', 'ROLE_USER');
INSERT INTO public.person (id, login, password, role) VALUES (5, 'user_test4', '$2a$10$J4Af5zHPcByx8Rah37Us4efXMtRpXOirwrIMt5DXUc2kBPVAAzhVm', 'ROLE_USER');
INSERT INTO public.person (id, login, password, role) VALUES (2, 'user_test', '$2a$10$dmN0Ctke7ppsYArxRxHdIuvrZ.aRwX.kFWlub01WD6wNNJiZObsbq', 'ROLE_USER');


--
-- TOC entry 3358 (class 0 OID 24808)
-- Dependencies: 218
-- Data for Name: product; Type: TABLE DATA; Schema: public; Owner: postgres
--

INSERT INTO public.product (id, date_time_of_created, description, price, seller, title, warehouse, category_id) VALUES (1, '2022-12-10 17:53:43.184538', 'Размеры (ШхГхВ): 75,2х43х75 см. Комод неотъемлемая часть мебели квартиры или дома. Комод деревянный Ксения станет надежным помощником в хранении вещей. Комод для хранения представлен в нескольких цветах: белый, крафт белый, серый, дуб сонома и бук, что позволит вписать в интерьер комнаты и сочетать с другой мебелью в доме. Комод для вещей идет в двух вариантах: с ручками и без них. Во втором варианте в комоде убраны ручки и удлинен фасад, за который и происходит открывание. Универсальность тумбы позволяет использовать ее, как детскую мебель в комнате вашего ребенка, в четырех больших ящиках поместятся игрушки и вещи. Поставьте его вместе с письменным столом Альянс арт. 100243145 в детской и он станет помощником в хранении учебников, тетрадей и канцелярии. В спальне он выступит как тумба для ТВ. А поставив в прихожей, комод Ксения будет сочетаться с обувницей Грация арт. 114272890 и настенной вешалкой Глория арт. 73452816. Мебельная фабрика «Стендмебель» использует только высококачественные материалы и фурнитуру, мы заботимся о наших покупателях и хотим, чтобы наша мебель прослужила Вам как можно дольше. Мы делаем все возможное, чтобы наша продукция доезжала даже в самые дальние уголки нашей страны целой и радовало Вас, для этого мы упаковываем нашу продукцию в картон, а по периметру укрепляем упаковку пенопластом. Для сборки Вам понадобится отвертка или шуроповерт, ключ шестигранник идет в комплекте. Гарантия: 12 месяцев', 3960, 'Стендмебель - фабрика мебели', 'Стендмебель Комод с ящиками Ксения СТМ для вещей', 'Коледино', 1);
INSERT INTO public.product (id, date_time_of_created, description, price, seller, title, warehouse, category_id) VALUES (2, '2022-12-10 17:56:05.381534', 'Размеры (ШхГхВ): 60х25,6х75 смНаша обувница Джулия станет прекрасным решением для удобного хранения обуви в прихожей, создав комфорт и чистоту в Вашем доме. Основное преимущество данной модели - её компактные размеры, позволяющие сэкономить несколько квадратных метров пола прихожей даже небольшой квартиры, обувная полка подойдет для хранения мужской, женской и детской обуви. Благодаря классическому дизайну, универсальности и актуальным цветовым решениям этажерка для обуви отлично дополнит Ваш комплект мебели любого стиля. Обувница в прихожую или как ее еще называют, галошница оснащена изолированной полочкой под аксессуары, которая станет незаменимой для домашних мелочей, ключей, перчаток, шапок, шарфов или предметов по уходу за обувью. В закрытом состоянии используйте её, чтобы поставить сумочку или пакет, положить зонт. Обувница белая, как и другие цвета имеет три наклонные полки для обуви в прихожую общей вместимостью до 9 пар обуви. Обувница для обуви сделана из сертифицированных и высококачественных ЛДСП, поэтому она прослужит Вам не один год. Собрать полки для обуви легко в домашних условиях. К набору прилагается подробная инструкция по сборке. Габаритные размеры обувницы (ШхВхГ) 60х25,6х75 см. Так же предлагаем другие наши товары бренда Стендмебель: Вешалка Глория артикул 73452816, Обувница Дина артикул 73474145, Вешалка Грация-2 артикул 112396129.', 2520, 'Стендмебель - фабрика мебели', 'Стендмебель Обувница Джулия СТМ, тумба для обуви', 'Коледино', 1);
INSERT INTO public.product (id, date_time_of_created, description, price, seller, title, warehouse, category_id) VALUES (3, '2022-12-10 17:57:08.318141', 'Размеры (ШхГхВ): 100х38,6х74,6 см Компьютерный стол Софи привлекает своей функциональностью, строгим дизайном и высоким уровнем прочности. Наш стол выполнен в трех цветах поэтому для него найдется место в любой комнате Вашего дома. Может использоваться как детский, компьютерный столик для учебы и отдыха или в кабинет и использовать его как рабочий стол. Вы можете расставить на него косметику и использовать как туалетный столик в спальню. В открытые полочки можно положить не только любимые книги и игрушки, но и различную мелочь для дома. Так же стол отлично впишется в любой офис и станет удобным рабочим местом для сотрудника. Модели обладают стандартной высотой, которая обеспечит вам и вашему ребенку комфортную посадку. Для стола используются сертифицированные, высококачественные ЛДСП, поэтому наша мебель прослужит вам не один год. К набору прилагается подробная инструкция по сборке.', 3000, 'Стендмебель - фабрика мебели', 'Стендмебель Стол письменный Софи СТМ, компьютерный', 'Коледино', 1);
INSERT INTO public.product (id, date_time_of_created, description, price, seller, title, warehouse, category_id) VALUES (4, '2022-12-10 17:58:28.417737', 'Джинсы молодежные на лето и осень - незаменимая вещь современного модного базового мужского гардероба. Удобные и функциональные - эти штаны брюки используются в качестве рабочей одежды, для дома, для спорта, для бега. Разнообразие моделей джинсовых брюк широкое: трубы, бананы, бойфренды, джоггеры, slim, бриджи, мотоджинсы. Особой популярностью пользуются прямые и зауженные к низу классические джинсы со средней и высокой посадкой. В коллекции бренда EREMES представлены синие голубые джинсы для мужчин высокого роста ( до 190 см), отлично сочетаются с рубашкой, толстовкой, худи, пиджаком и водолазкой. Модель штанов классического прямого кроя, застежка молния и шарнирная пуговица, накладные карманы сзади, штаны не зауженные, без флиса. Идеальная посадка обеспечена за счет точных лекал с фабрик Турции. Штаны подойдут обладателям больших размеров и высоким мальчикам подросткам. В них удобно водить автомобиль и мотоцикл. Мужские брюки комфортно носить в летний период. Подарок любимому другу папе. Турецкие джинсы мужские прямые широкие штаны классика брюки для невысоких мужская одежда для мальчиков рваные американки брюки с карманами без утепления скинни осень зима casual слоучи момы из плотного денима skinny с потертостями спортивки оверсайз стрейч светлые узкие молодежные слим большие зимние потертые по бокам больших размеров летние брюки', 1450, 'EREMES', 'Eremes Джинсы мужские прямые классические', 'Коледино', 3);
INSERT INTO public.product (id, date_time_of_created, description, price, seller, title, warehouse, category_id) VALUES (5, '2022-12-10 17:59:58.054718', 'Футболка мужская хлопок спортивная однотонная базовая модная свободная пляжная с коротким рукавом. Стильная хлопковая футболка классического кроя - это вещь унисекс, которая подойдет и мужчинам, и женщинам. СОСТАВ: ХЛОПОК 100% ПЛОТНОСТЬ 180 гр/мк в. Молодежная женская и мужская футболка выполнена из плотной хлопковой ткани и имеет круглый вырез горловины. Удлиненная футболка подходит для отдыха, туризма и занятий спортом: фитнеса, йоги, бега и тренировок в зале. В ней можно отправиться на прогулку в город. Базовая футболка вписывается в школьную форму и офисный стиль. Ее можно носить дома или надеть в школу и на работу в офис под пиджак. Трикотажная футболка оптимальна для носки летом. Она является базовой вещью и будет прекрасно сочетаться со всеми вещами в вашем гардеробе, в том числе в стиле оверсайз. Красивая футболка подойдет парням и девушкам любого роста - высоким и невысоким. Ее могут носить взрослые и подростки. В ассортименте большой выбор ярких цветов. Вы можете подарить ее на день рождения любимому мужу, маме, брату или папе. У нас есть акции и распродажи, вы можете купить наши товары в подарок со скидкой!', 338, 'UZcotton', 'UZcotton Футболка мужская хлопок спортивная однотонная базовая', 'Коледино', 3);
INSERT INTO public.product (id, date_time_of_created, description, price, seller, title, warehouse, category_id) VALUES (6, '2022-12-10 18:01:07.893326', 'Мужская футбольная куртка для тренировок в прохладную погоду. Утепленная модель дополнена стегаными вставками на подкладке и рукавах. Застежка на молнию и глубокий прилегающий капюшон. Современный приталенный крой.', 11249, 'ВАЙЛДБЕРРИЗ', 'adidas Куртка', 'Коледино', 3);
INSERT INTO public.product (id, date_time_of_created, description, price, seller, title, warehouse, category_id) VALUES (8, '2022-12-10 18:03:40.669349', 'Беспроводной ручной портативный пылесос отлично подойдет для уборки различных помещений. В комплекте присутствуют фильтр, вертикальный стакан или контейнер для воды, есть насадки, но набор идет без мешка. Присутствует 3 бака для воды. В одном вода очищается, в другом - хранится в чистом виде, а в третий - поступает грязная. Также есть функция самоочистки пылесоса. И сухая, и влажная уборка с ним станут намного проще и быстрее. Щетка имеет мощный аккумулятор и работает на батарейка. Компактный мобильный пылесос может использоваться как швабра. Моющий прибор хорошо подойдет для уборки шерсти с дивана, чистки ковров, для пыли и грязи, или просто для мытья полов. Мобильный аккумуляторный пылесос очень хороший помощник для дома.', 17995, 'Официальный магазин Polaris', 'Redkey Вертикальный пылесос , моющий пылесос', 'Коледино', 2);
INSERT INTO public.product (id, date_time_of_created, description, price, seller, title, warehouse, category_id) VALUES (9, '2022-12-10 18:04:45.620926', 'Новая стиральная машина ATLANT серии INTENSE EXPERT имеет уникальный дизайн, который прекрасно дополнит любой интерьер своим внешним видом. С помощью новых сенсорных технологий достаточно легкого касания для выбора функций и программ. Светодиодные индикаторы и сегментный дисплей машины размещены на панели управления под небольшим углом, что облегчает визуальное восприятие отображаемой информации о работе машины. Благодаря интеллектуальным программам она не только интуитивно понятна в управлении, но и обеспечивает превосходные результаты стирки при низком потреблении воды и электроэнергии. Кроме того, действует увеличенная гарантия 5 лет на двигатель.', 33615, 'ВАЙЛДБЕРРИЗ', 'ATLANT Стиральная машина CMA-80 C 1214-01', 'Коледино', 2);
INSERT INTO public.product (id, date_time_of_created, description, price, seller, title, warehouse, category_id) VALUES (7, NULL, ': **5 в 1: Планетарный миксер с 3-мя насадками, Блендер, Мясорубка. Технология SmartMIX - прибор автоматически подбирает оптимальную мощность работы для каждого вида и количества ингредиентов. Технология PROtect+ защита двигателя от перегрева.** Надёжная конструкция со стальными шестернями. Планетарное вращение насадок. Чаша из нержавеющей стали. Объем чаши 5 л. 6 скоростных режимов. Плавная регулировка скорости. Импульсивный режим. Венчик для взбивания. Насадка для смешивания. Крюк для замешивания теста. Крышка чаши для добавления ингредиентов. Мясорубка: 2 диска из нержавеющей стали (5 и 7 мм). Кувшин блендера из высокопрочного стекла объемом 1,5 л.Низкий уровень шума. Система безопасного включения. Защита двигателя от перегрева. Отсек для намотки сетевого шнура. Прорезиненные ножки. Мощность: 1100 Вт.', 10999, 'ВАЙЛДБЕРРИЗ', ': Polaris Планетарный миксер / Кухонная машина PKM 1104, (POLARIS)', 'Коледино', 2);


--
-- TOC entry 3360 (class 0 OID 24817)
-- Dependencies: 220
-- Data for Name: product_cart; Type: TABLE DATA; Schema: public; Owner: postgres
--



--
-- TOC entry 3366 (class 0 OID 0)
-- Dependencies: 209
-- Name: category_id_seq; Type: SEQUENCE SET; Schema: public; Owner: postgres
--

SELECT pg_catalog.setval('public.category_id_seq', 1, false);


--
-- TOC entry 3367 (class 0 OID 0)
-- Dependencies: 211
-- Name: image_id_seq; Type: SEQUENCE SET; Schema: public; Owner: postgres
--

SELECT pg_catalog.setval('public.image_id_seq', 45, true);


--
-- TOC entry 3368 (class 0 OID 0)
-- Dependencies: 213
-- Name: orders_id_seq; Type: SEQUENCE SET; Schema: public; Owner: postgres
--

SELECT pg_catalog.setval('public.orders_id_seq', 5, true);


--
-- TOC entry 3369 (class 0 OID 0)
-- Dependencies: 215
-- Name: person_id_seq; Type: SEQUENCE SET; Schema: public; Owner: postgres
--

SELECT pg_catalog.setval('public.person_id_seq', 5, true);


--
-- TOC entry 3370 (class 0 OID 0)
-- Dependencies: 219
-- Name: product_cart_id_seq; Type: SEQUENCE SET; Schema: public; Owner: postgres
--

SELECT pg_catalog.setval('public.product_cart_id_seq', 7, true);


--
-- TOC entry 3371 (class 0 OID 0)
-- Dependencies: 217
-- Name: product_id_seq; Type: SEQUENCE SET; Schema: public; Owner: postgres
--

SELECT pg_catalog.setval('public.product_id_seq', 9, true);


--
-- TOC entry 3191 (class 2606 OID 24786)
-- Name: category category_pkey; Type: CONSTRAINT; Schema: public; Owner: postgres
--

ALTER TABLE ONLY public.category
    ADD CONSTRAINT category_pkey PRIMARY KEY (id);


--
-- TOC entry 3193 (class 2606 OID 24792)
-- Name: image image_pkey; Type: CONSTRAINT; Schema: public; Owner: postgres
--

ALTER TABLE ONLY public.image
    ADD CONSTRAINT image_pkey PRIMARY KEY (id);


--
-- TOC entry 3195 (class 2606 OID 24798)
-- Name: orders orders_pkey; Type: CONSTRAINT; Schema: public; Owner: postgres
--

ALTER TABLE ONLY public.orders
    ADD CONSTRAINT orders_pkey PRIMARY KEY (id);


--
-- TOC entry 3197 (class 2606 OID 24806)
-- Name: person person_pkey; Type: CONSTRAINT; Schema: public; Owner: postgres
--

ALTER TABLE ONLY public.person
    ADD CONSTRAINT person_pkey PRIMARY KEY (id);


--
-- TOC entry 3203 (class 2606 OID 24821)
-- Name: product_cart product_cart_pkey; Type: CONSTRAINT; Schema: public; Owner: postgres
--

ALTER TABLE ONLY public.product_cart
    ADD CONSTRAINT product_cart_pkey PRIMARY KEY (id);


--
-- TOC entry 3199 (class 2606 OID 24815)
-- Name: product product_pkey; Type: CONSTRAINT; Schema: public; Owner: postgres
--

ALTER TABLE ONLY public.product
    ADD CONSTRAINT product_pkey PRIMARY KEY (id);


--
-- TOC entry 3201 (class 2606 OID 24823)
-- Name: product uk_qka6vxqdy1dprtqnx9trdd47c; Type: CONSTRAINT; Schema: public; Owner: postgres
--

ALTER TABLE ONLY public.product
    ADD CONSTRAINT uk_qka6vxqdy1dprtqnx9trdd47c UNIQUE (title);


--
-- TOC entry 3205 (class 2606 OID 24829)
-- Name: orders fk1b0m4muwx1t377w9if3w6wwqn; Type: FK CONSTRAINT; Schema: public; Owner: postgres
--

ALTER TABLE ONLY public.orders
    ADD CONSTRAINT fk1b0m4muwx1t377w9if3w6wwqn FOREIGN KEY (person_id) REFERENCES public.person(id);


--
-- TOC entry 3207 (class 2606 OID 24839)
-- Name: product fk1mtsbur82frn64de7balymq9s; Type: FK CONSTRAINT; Schema: public; Owner: postgres
--

ALTER TABLE ONLY public.product
    ADD CONSTRAINT fk1mtsbur82frn64de7balymq9s FOREIGN KEY (category_id) REFERENCES public.category(id);


--
-- TOC entry 3206 (class 2606 OID 24834)
-- Name: orders fk787ibr3guwp6xobrpbofnv7le; Type: FK CONSTRAINT; Schema: public; Owner: postgres
--

ALTER TABLE ONLY public.orders
    ADD CONSTRAINT fk787ibr3guwp6xobrpbofnv7le FOREIGN KEY (product_id) REFERENCES public.product(id);


--
-- TOC entry 3204 (class 2606 OID 24824)
-- Name: image fkgpextbyee3uk9u6o2381m7ft1; Type: FK CONSTRAINT; Schema: public; Owner: postgres
--

ALTER TABLE ONLY public.image
    ADD CONSTRAINT fkgpextbyee3uk9u6o2381m7ft1 FOREIGN KEY (product_id) REFERENCES public.product(id);


--
-- TOC entry 3209 (class 2606 OID 24849)
-- Name: product_cart fkhpnrxdy3jhujameyod08ilvvw; Type: FK CONSTRAINT; Schema: public; Owner: postgres
--

ALTER TABLE ONLY public.product_cart
    ADD CONSTRAINT fkhpnrxdy3jhujameyod08ilvvw FOREIGN KEY (product_id) REFERENCES public.product(id);


--
-- TOC entry 3208 (class 2606 OID 24844)
-- Name: product_cart fksgnkc1ko2i1o9yr2p63ysq3rn; Type: FK CONSTRAINT; Schema: public; Owner: postgres
--

ALTER TABLE ONLY public.product_cart
    ADD CONSTRAINT fksgnkc1ko2i1o9yr2p63ysq3rn FOREIGN KEY (person_id) REFERENCES public.person(id);


-- Completed on 2022-12-12 00:27:59

--
-- PostgreSQL database dump complete
--

